<?xml version="1.0" encoding="UTF-8"?>
<project-private xmlns="http://www.netbeans.org/ns/project-private/1">
    <editor-bookmarks xmlns="http://www.netbeans.org/ns/editor-bookmarks/2" lastBookmarkId="0"/>
    <open-files xmlns="http://www.netbeans.org/ns/projectui-open-files/2">
        <group>
            <file>file://proteus/home$/fim/student/povervl1/PROM/Projekt/src/zlomky/Zlomek.java</file>
            <file>file://proteus/home$/fim/student/povervl1/PROM/Projekt/src/obrazce/Obdelnik.java</file>
            <file>file://proteus/home$/fim/student/povervl1/PROM/Projekt/src/obrazce/Kruh.java</file>
            <file>file://proteus/home$/fim/student/povervl1/PROM/Projekt/src/Cv2/Ukol/Osoba.java</file>
            <file>file://proteus/home$/fim/student/povervl1/PROM/Projekt/src/Main/Main.java</file>
            <file>file://proteus/home$/fim/student/povervl1/PROM/Projekt/src/obrazce/Ctverec.java</file>
        </group>
    </open-files>
</project-private>
